TimeSeries ID,container/max_request_concurrencies.cloud_run_revision.ALIGN_DELTA.REDUCE_PERCENTILE_50.metric.type="run.googleapis.com/container/max_request_concurrencies" resource.type="cloud_run_revision" AND resource.labels."location"="asia-south1" AND resource.labels."project_id"="cloud-rishuvan" AND resource.labels."service_name"="cloud-computing-ris".project_id:cloud-rishuvan.service_name:cloud-computing-ris
project_id,cloud-rishuvan
service_name,cloud-computing-ris
Wed May 22 2024 23:45:00 GMT+0530 (India Standard Time),0.75
Wed May 22 2024 23:50:00 GMT+0530 (India Standard Time),0.5
Thu May 23 2024 00:35:00 GMT+0530 (India Standard Time),0.75
Thu May 23 2024 00:40:00 GMT+0530 (India Standard Time),0.5
Thu May 23 2024 11:15:00 GMT+0530 (India Standard Time),0.75
Thu May 23 2024 11:20:00 GMT+0530 (India Standard Time),0.5