TimeSeries ID,container/instance_count.cloud_run_revision.ALIGN_MAX.REDUCE_SUM.metric.type="run.googleapis.com/container/instance_count" resource.type="cloud_run_revision" AND resource.labels."location"="asia-south1" AND resource.labels."project_id"="cloud-rishuvan" AND resource.labels."service_name"="cloud-computing-ris".+60s.project_id:cloud-rishuvan.service_name:cloud-computing-ris.state:active,container/instance_count.cloud_run_revision.ALIGN_MAX.REDUCE_SUM.metric.type="run.googleapis.com/container/instance_count" resource.type="cloud_run_revision" AND resource.labels."location"="asia-south1" AND resource.labels."project_id"="cloud-rishuvan" AND resource.labels."service_name"="cloud-computing-ris".+60s.project_id:cloud-rishuvan.service_name:cloud-computing-ris.state:idle
state,active,idle
project_id,cloud-rishuvan,cloud-rishuvan
service_name,cloud-computing-ris,cloud-computing-ris
Wed May 22 2024 23:45:00 GMT+0530 (India Standard Time),0,0
Wed May 22 2024 23:50:00 GMT+0530 (India Standard Time),0,0
Thu May 23 2024 00:35:00 GMT+0530 (India Standard Time),0,0
Thu May 23 2024 00:40:00 GMT+0530 (India Standard Time),0,0
Thu May 23 2024 11:15:00 GMT+0530 (India Standard Time),0,0
Thu May 23 2024 11:20:00 GMT+0530 (India Standard Time),0,0