TimeSeries ID,container/startup_latencies.cloud_run_revision.ALIGN_DELTA.REDUCE_PERCENTILE_50.metric.type="run.googleapis.com/container/startup_latencies" resource.type="cloud_run_revision" AND resource.labels."location"="asia-south1" AND resource.labels."project_id"="cloud-rishuvan" AND resource.labels."service_name"="cloud-computing-ris".project_id:cloud-rishuvan.service_name:cloud-computing-ris
project_id,cloud-rishuvan
service_name,cloud-computing-ris
Wed May 22 2024 23:45:00 GMT+0530 (India Standard Time),1120.549050215278
Thu May 23 2024 00:35:00 GMT+0530 (India Standard Time),5148.892615627445
Thu May 23 2024 11:15:00 GMT+0530 (India Standard Time),1018.6809547411617